id,fullname,location,email,gender,is Volunteer
1,Dulcy Kittle,Baru,dkittle0@ted.com,Female,false
2,Andrus McMurrugh,Huangmei,amcmurrugh1@simplemachines.org,Male,false
3,Tobie Sennett,Tutup,tsennett2@bloomberg.com,Male,false
4,Horton Hamblington,Sumbuya,hhamblington3@example.com,Male,false
5,Hester Corney,Larvik,hcorney4@fotki.com,Female,true
6,Leon Smuth,Chivilcoy,lsmuth5@webnode.com,Bigender,true
7,Leonora Woodruff,Taojiahe,lwoodruff6@shinystat.com,Female,false
8,Tessie Duffer,Sanxi,tduffer7@disqus.com,Female,false
9,Osborn Fulker,Bayan Gol,ofulker8@exblog.jp,Male,true
10,Clemmie Grigoli,Siedlce,cgrigoli9@g.co,Polygender,false
11,Annabelle Cornford,Berezanka,acornforda@wordpress.org,Female,false
12,Man Tailby,Quintã,mtailbyb@slideshare.net,Male,true
13,Dillon Coveny,Balazar,dcovenyc@storify.com,Male,false
14,Hanny Dunican,Shangtang,hdunicand@wp.com,Female,true
15,Salli Queste,Fovissste,squestee@discuz.net,Polygender,true
16,Haskel Penhallurick,Murmuiža,hpenhallurickf@theguardian.com,Male,true
17,Taffy Ghilardi,Kinnula,tghilardig@jigsy.com,Female,true
18,Thaddus Brimilcombe,Janiuay,tbrimilcombeh@stanford.edu,Male,false
19,Bernie Van Ross,Cipari,bvani@gmpg.org,Male,false
20,Hermy Tamlett,Shibetsu,htamlettj@woothemes.com,Male,false
21,Etan Porkiss,Smederevo,eporkissk@newsvine.com,Male,false
22,Reynold Ishchenko,La Huerta,rishchenkol@facebook.com,Male,false
23,Randal Maffioletti,Trabulheira,rmaffiolettim@sina.com.cn,Male,false
24,Sacha Challener,Warungpeuteuy,schallenern@spiegel.de,Female,false
25,Flem Dingate,Barrosa,fdingateo@1und1.de,Male,false
26,Honoria Gossart,Shepetivka,hgossartp@chronoengine.com,Female,true
27,Eugenia Gilmore,Milwaukee,egilmoreq@sourceforge.net,Agender,true
28,Amber Culshew,Kertanegla,aculshewr@yahoo.com,Female,true
29,Mortimer Taphouse,Kítsi,mtaphouses@slate.com,Male,false
30,Taryn Vasenin,Yevlakh,tvasenint@techcrunch.com,Female,false
31,Chevy McGlaud,Shaxi,cmcglaudu@ebay.co.uk,Male,false
32,Jolynn Sincock,Pedreira,jsincockv@army.mil,Female,true
33,Shalna Baddiley,Meixi,sbaddileyw@upenn.edu,Female,true
34,Dionis Lighten,Arauquita,dlightenx@latimes.com,Female,true
35,Tonie Westfield,Herzliya Pituah,twestfieldy@msu.edu,Female,true
36,Teodorico Whaley,Kangping,twhaleyz@gov.uk,Male,true
37,Yoshiko Orgill,Ennery,yorgill10@weibo.com,Female,false
38,Natala Munning,Pitalito,nmunning11@dedecms.com,Female,false
39,Heriberto Terram,Dayr Sāmit,hterram12@live.com,Genderfluid,false
40,Zondra Assiter,Khānaqāh,zassiter13@simplemachines.org,Female,false
41,Christian Pridmore,Santiaoshi,cpridmore14@ucla.edu,Female,true
42,Sherie Gavrielly,Guilherand-Granges,sgavrielly15@addtoany.com,Female,true
43,Wash Worsnup,Khairiahmandah,wworsnup16@purevolume.com,Male,false
44,Talbot Hanaby,Borūjerd,thanaby17@e-recht24.de,Male,false
45,Howard Shrimpling,Abaeté,hshrimpling18@deviantart.com,Male,true
46,Miguelita Godby,Boca Chica,mgodby19@theatlantic.com,Female,true
47,Jules Hollyard,Hatton,jhollyard1a@wp.com,Male,true
48,Donica Whaley,Senggapi,dwhaley1b@technorati.com,Female,false
49,Thorsten Griniov,Shimen,tgriniov1c@multiply.com,Male,true
50,Bryna Sykes,Cerkvenjak,bsykes1d@altervista.org,Female,false
51,Phyllida Haliburton,Arboga,phaliburton1e@techcrunch.com,Female,true
52,Iorgo Rouff,Al Funayţīs,irouff1f@i2i.jp,Male,true
53,Pippo Oldall,Magway,poldall1g@cisco.com,Male,false
54,Selia Goaley,Vista Hermosa,sgoaley1h@canalblog.com,Female,false
55,Samara Caudwell,Dębno,scaudwell1i@tripadvisor.com,Agender,true
56,Artemis Swayte,Osinniki,aswayte1j@cbsnews.com,Male,false
57,Diannne Pandie,Tamarindo,dpandie1k@nature.com,Female,false
58,Svend Cantera,San Ramon,scantera1l@reuters.com,Male,false
59,Lilith O'Cannavan,Xiangzhu,locannavan1m@amazon.com,Female,true
60,Donnajean Spire,Monsanto,dspire1n@ca.gov,Female,false
61,Kaycee Hargate,Vereya,khargate1o@discovery.com,Female,true
62,Rahel Sheilds,Lanckorona,rsheilds1p@slideshare.net,Female,true
63,Wallas Costar,Dalupirip,wcostar1q@shinystat.com,Male,true
64,Ediva Storres,Xianqiao,estorres1r@mozilla.com,Female,true
65,Griffy Prester,Curumaní,gprester1s@ebay.co.uk,Male,false
66,Freddie Borges,Shouyan,fborges1t@wikispaces.com,Male,true
67,Arluene Dabnor,Wang Saphung,adabnor1u@trellian.com,Female,true
68,Winifield Scoone,Baoshan,wscoone1v@marriott.com,Male,false
69,Brandon Alton,Yessentuki,balton1w@homestead.com,Male,false
70,Jaime Verry,Quixeramobim,jverry1x@typepad.com,Female,false
71,Wheeler Markovic,Stockton,wmarkovic1y@joomla.org,Male,false
72,Kiri Findon,Corga,kfindon1z@slashdot.org,Female,true
73,Husain Godard,Piran,hgodard20@webnode.com,Male,true
74,Kalle Kynton,Santo Tomás,kkynton21@nsw.gov.au,Genderfluid,true
75,Rebbecca Terrans,Bologna,rterrans22@unblog.fr,Female,false
76,Anne-marie Harnett,Fullerton,aharnett23@plala.or.jp,Female,true
77,Odella Cruce,Buzdyak,ocruce24@omniture.com,Female,true
78,Nona Bodham,Lansing,nbodham25@acquirethisname.com,Female,true
79,Lenard Walklate,Changjiang,lwalklate26@cbsnews.com,Male,true
80,Jilleen Cocking,Chengmen,jcocking27@seesaa.net,Female,true
81,Mel Craigg,Bueng Samakkhi,mcraigg28@yolasite.com,Male,false
82,Hedwig Avrahamof,Providence,havrahamof29@auda.org.au,Female,true
83,Chrysler Negri,Karabash,cnegri2a@gnu.org,Female,true
84,Kandace Gierok,Zalishchyky,kgierok2b@dion.ne.jp,Female,false
85,Darlene Menichino,Daohe,dmenichino2c@aol.com,Female,false
86,Vevay Casajuana,Leticia,vcasajuana2d@google.co.jp,Female,false
87,Brucie McCullock,Sula,bmccullock2e@harvard.edu,Male,true
88,Emelen Liquorish,Congonhas,eliquorish2f@patch.com,Male,false
89,Sonny Mearing,Kpalimé,smearing2g@oracle.com,Male,true
90,Odelinda Carbine,Fontana,ocarbine2h@ca.gov,Female,true
91,Layney Bodd,Raman,lbodd2i@1688.com,Female,false
92,Faber Kohrding,Budapest,fkohrding2j@yandex.ru,Male,true
93,Alayne Caswill,Karkkila,acaswill2k@feedburner.com,Female,false
94,Denney Frankish,Roxas,dfrankish2l@com.com,Male,false
95,Joni Bispham,Kiten,jbispham2m@netscape.com,Non-binary,true
96,Spencer Moreside,Hörby,smoreside2n@cdbaby.com,Male,false
97,Jessie Constantine,Karangparwa,jconstantine2o@ucoz.com,Male,false
98,Bab Dilks,Malārd,bdilks2p@hhs.gov,Female,true
99,Dominique Wallicker,Castlebellingham,dwallicker2q@wikimedia.org,Male,true
100,Arte Edeson,Atlanta,aedeson2r@youtube.com,Male,false
101,Sebastiano Allnutt,Sirdaryo,sallnutt2s@symantec.com,Male,false
102,Merridie Chastanet,Npongge,mchastanet2t@google.com,Female,false
103,Rozanne Shapcott,Huurch,rshapcott2u@histats.com,Non-binary,true
104,Natale Twiname,Anfeng,ntwiname2v@scribd.com,Male,true
105,Clem Hof,Primero de Mayo,chof2w@hhs.gov,Male,true
106,Arlen Coucha,Brzeźnica,acoucha2x@disqus.com,Male,false
107,Jodie Whittock,Vista Hermosa,jwhittock2y@smugmug.com,Male,false
108,Troy Wittrington,Pangpang,twittrington2z@ifeng.com,Male,false
109,Darice Testo,Gaozhou,dtesto30@amazon.de,Female,false
110,Boniface Maiden,Addiet Canna,bmaiden31@sourceforge.net,Male,false
111,Hurleigh Gaishson,Dongting,hgaishson32@oracle.com,Male,false
112,Saul Britt,Dajie,sbritt33@boston.com,Male,true
113,Rosalia Bortolomei,Plaridel,rbortolomei34@oaic.gov.au,Female,false
114,Emmet Lambertazzi,Owerri,elambertazzi35@biglobe.ne.jp,Male,false
115,Selinda Marchiso,Périgueux,smarchiso36@unicef.org,Genderfluid,false
116,Blakeley Killough,Gopaan,bkillough37@chronoengine.com,Female,true
117,Brigida Maber,Lemery,bmaber38@gizmodo.com,Female,true
118,Rozelle Itchingham,Sumberjo,ritchingham39@hatena.ne.jp,Female,false
119,Stafford Berg,Georgetown,sberg3a@t-online.de,Male,false
120,Gratia Tustin,Foumbot,gtustin3b@ihg.com,Female,true
121,Colette Burkart,Osiek nad Notecią,cburkart3c@arstechnica.com,Female,false
122,Glennis Babbe,Patos Fshat,gbabbe3d@ucsd.edu,Female,true
123,Ysabel Bessell,Angan,ybessell3e@i2i.jp,Female,true
124,Christean Thomazet,Dazhongzhuang,cthomazet3f@mysql.com,Female,true
125,Francyne Trussman,Holoubkov,ftrussman3g@ehow.com,Female,true
126,Isiahi Burd,Panacan,iburd3h@hhs.gov,Male,false
127,Gisela Callcott,Minas de Oro,gcallcott3i@boston.com,Female,true
128,Charmion O'Keevan,Kisai,cokeevan3j@nasa.gov,Female,true
129,Beryle McLeoid,Orlando,bmcleoid3k@smh.com.au,Female,false
130,Knox Halsey,Tanahwulan,khalsey3l@goodreads.com,Male,true
131,Aime Mishow,Gojō,amishow3m@fc2.com,Female,true
132,Lambert O'Beirne,Queenstown,lobeirne3n@qq.com,Male,false
133,Manolo Givens,Milagros,mgivens3o@bloomberg.com,Male,true
134,Hilde Hambrick,Challans,hhambrick3p@europa.eu,Female,false
135,Trescha Bayston,Žiežmariai,tbayston3q@wufoo.com,Female,false
136,Gordie Comsty,Aquitania,gcomsty3r@nbcnews.com,Male,true
137,Amil Stoffel,Watulimo,astoffel3s@goo.gl,Female,false
138,Kipper Ghirigori,Chama,kghirigori3t@si.edu,Male,false
139,Mace Faircley,Kälviä,mfaircley3u@meetup.com,Male,false
140,Jewel Jack,Gjøvik,jjack3v@cbc.ca,Female,true
141,Ewell Verdie,Vyerkhnyadzvinsk,everdie3w@disqus.com,Male,false
142,Allis Cholwell,Šid,acholwell3x@google.co.jp,Female,false
143,Tedi Bartosinski,Junyang,tbartosinski3y@google.com.br,Female,true
144,Antonius Scrivenor,Slavyanovo,ascrivenor3z@sakura.ne.jp,Male,true
145,Lisha Dutnall,José de Freitas,ldutnall40@pbs.org,Female,false
146,Viva Lemery,Palmas,vlemery41@cyberchimps.com,Agender,false
147,Bobbette Darey,Cimenga,bdarey42@bloomberg.com,Female,true
148,Jillian Streetley,Duekoué,jstreetley43@oaic.gov.au,Female,false
149,Beck Sushams,Teupasenti,bsushams44@businesswire.com,Male,true
150,Alexandros Telezhkin,Amangarh,atelezhkin45@google.pl,Male,false
151,Laurence Borthe,Daxi,lborthe46@columbia.edu,Male,true
152,Madeline Minthorpe,Dongxiang,mminthorpe47@icio.us,Female,false
153,Reilly Blacker,Viimsi,rblacker48@arizona.edu,Male,false
154,Ev Sterricker,Panguipulli,esterricker49@nih.gov,Male,false
155,Gordon Edser,Bay-ang,gedser4a@hud.gov,Male,true
156,Halimeda Braundt,Kořenov,hbraundt4b@typepad.com,Female,true
157,Minor Phython,Simapu,mphython4c@sciencedaily.com,Male,false
158,Thomasine Brimm,Sutukung,tbrimm4d@about.me,Female,true
159,Carmencita Jodlkowski,Johogunung,cjodlkowski4e@gmpg.org,Female,false
160,Webster Bealing,Foz do Iguaçu,wbealing4f@goodreads.com,Male,false
161,Lavina Maggorini,Megáli Khóra,lmaggorini4g@bing.com,Female,true
162,Blair Mainds,Lian,bmainds4h@hibu.com,Male,false
163,Daisy Romeuf,Karibib,dromeuf4i@arstechnica.com,Female,true
164,Tiebold Elster,Yangirabot,telster4j@gov.uk,Male,false
165,Franny Culham,Burgos,fculham4k@engadget.com,Male,true
166,Paule Yegoshin,Ramadi,pyegoshin4l@examiner.com,Female,true
167,Rudyard Turnock,Bouaké,rturnock4m@naver.com,Male,false
168,Winifred Chesswas,Agrínio,wchesswas4n@1und1.de,Female,true
169,Paolo Sealeaf,Bulalacao,psealeaf4o@opensource.org,Male,true
170,Fancie Toy,Baizhu,ftoy4p@arizona.edu,Female,true
171,Neile Witheridge,Gapuk,nwitheridge4q@chron.com,Genderqueer,true
172,Garnette Wigzell,Mārupe,gwigzell4r@shop-pro.jp,Female,true
173,Janek Dalgarnowch,Santa Helena de Goiás,jdalgarnowch4s@google.es,Male,false
174,Pamela Willerstone,Jangkungkusumo,pwillerstone4t@ning.com,Female,true
175,Elnora Pullinger,Chengjiang,epullinger4u@miitbeian.gov.cn,Female,true
176,Isaac Vorley,Nueva Cajamarca,ivorley4v@unicef.org,Male,true
177,Robb Vale,Chengkan,rvale4w@opera.com,Male,true
178,Rosamund Banting,Castro Barros,rbanting4x@123-reg.co.uk,Female,true
179,Travers Skene,Nanterre,tskene4y@goo.ne.jp,Male,false
180,Emlyn McMurthy,Drochia,emcmurthy4z@nymag.com,Female,false
181,Pamela Paulsson,Ilići,ppaulsson50@opera.com,Female,false
182,Dahlia Le Grice,Al ‘Ayzarīyah,dle51@flavors.me,Female,true
183,Ragnar Jekyll,Mahe,rjekyll52@utexas.edu,Male,true
184,Pierce Edmeades,Mauá,pedmeades53@youtu.be,Male,true
185,Brice Jacombs,El Cantón,bjacombs54@sphinn.com,Agender,false
186,Costanza Brisland,Pamyat’ Parizhskoy Kommuny,cbrisland55@census.gov,Female,true
187,Abagael Meininger,Songlong,ameininger56@bloglovin.com,Agender,true
188,Tomas Ughini,Shouzhan,tughini57@privacy.gov.au,Male,false
189,Jenilee Tottie,Krajanpagowan,jtottie58@sbwire.com,Female,true
190,Rollin Oxberry,Stockholm,roxberry59@tmall.com,Male,false
191,Ailbert Kerss,Kathmandu,akerss5a@histats.com,Male,true
192,Alphonso Toler,Companhia de Baixo,atoler5b@weebly.com,Male,false
193,Garrik Boarer,Arkalyk,gboarer5c@indiatimes.com,Male,false
194,Korney Legan,Khursā,klegan5d@nifty.com,Female,false
195,Binnie McGifford,Moycullen,bmcgifford5e@xrea.com,Female,true
196,Cam Trenchard,Olesno,ctrenchard5f@parallels.com,Male,false
197,Luelle Marland,Pacatuba,lmarland5g@tinypic.com,Agender,true
198,Warden Hambling,Miejsce Piastowe,whambling5h@free.fr,Male,false
199,Justina Hampe,Nizhniy Tagil,jhampe5i@ow.ly,Female,true
200,Felisha Tonn,Ayo,ftonn5j@msn.com,Female,false
201,Ronny Baskerville,Jukui,rbaskerville5k@nifty.com,Male,false
202,Aurilia Larraway,Gujun,alarraway5l@earthlink.net,Female,false
203,Raf Halloway,Minyat an Naşr,rhalloway5m@moonfruit.com,Non-binary,false
204,Christyna Pudney,Cajazeiras,cpudney5n@state.tx.us,Female,true
205,Nikolaos Micah,Tuateta,nmicah5o@theguardian.com,Male,true
206,Sukey Ducarel,Delta del Tigre,sducarel5p@diigo.com,Female,true
207,Arnold Mathen,Bigaa,amathen5q@themeforest.net,Male,true
208,Patrick Gooms,Kaliprak,pgooms5r@pen.io,Male,true
209,Lincoln Goudie,Sieradza,lgoudie5s@dion.ne.jp,Male,true
210,Sarita Searson,Tisno,ssearson5t@patch.com,Female,true
211,Janet Cathel,Beidou,jcathel5u@yolasite.com,Female,true
212,Beck Vallery,Esplanada,bvallery5v@dropbox.com,Male,false
213,Auroora Pardoe,Trondheim,apardoe5w@biglobe.ne.jp,Female,true
214,Herculie Ferriby,Jednorożec,hferriby5x@behance.net,Male,false
215,Farleigh Schwandner,Hongsipu,fschwandner5y@biblegateway.com,Male,true
216,Giorgia Sally,Cortiçóis,gsally5z@slashdot.org,Female,true
217,Jae Quincey,Ichuña,jquincey60@squarespace.com,Male,false
218,Ev De Winton,Amvrosiyivka,ede61@163.com,Genderqueer,true
219,Raynor De Giorgis,Birmingham,rde62@telegraph.co.uk,Male,false
220,Sean Brackstone,La Courneuve,sbrackstone63@123-reg.co.uk,Female,true
221,Sergei Busch,Shuijiang,sbusch64@w3.org,Male,false
222,Lenore Stanlick,Hongshan,lstanlick65@tamu.edu,Female,true
223,Mattie Elham,Bystřice nad Pernštejnem,melham66@netlog.com,Female,true
224,Amil McGuirk,Chornobay,amcguirk67@hud.gov,Female,true
225,Wayland Ortells,Ras al-Khaimah,wortells68@twitter.com,Male,true
226,Osmond Poulter,Ueno,opoulter69@boston.com,Male,false
227,Delbert Hinken,Zhongchuan,dhinken6a@livejournal.com,Male,true
228,Eadmund Caslett,Ciwidara,ecaslett6b@newsvine.com,Agender,false
229,Man Lammerding,Yantan,mlammerding6c@furl.net,Male,false
230,Shelly Bertot,Daguma,sbertot6d@opera.com,Female,false
231,Borg Acum,Guanchao,bacum6e@infoseek.co.jp,Male,true
232,Harmony Hiom,Farrokh Shahr,hhiom6f@blinklist.com,Female,false
233,Patricia Slaughter,Mboursou Léré,pslaughter6g@mtv.com,Female,true
234,Stanley Audrey,Strogino,saudrey6h@state.gov,Genderqueer,true
235,Louise Albany,Unquillo,lalbany6i@soup.io,Female,true
236,Adela Granham,Foxrock,agranham6j@bloomberg.com,Female,false
237,Worthington McCreagh,Dong’an,wmccreagh6k@pagesperso-orange.fr,Genderfluid,false
238,Sile Quinney,Pedreira,squinney6l@howstuffworks.com,Female,false
239,Wallis Kumar,Gif-sur-Yvette,wkumar6m@ftc.gov,Female,false
240,Annie Isted,Minle,aisted6n@indiegogo.com,Female,false
241,Ottilie Romanetti,Larkird,oromanetti6o@samsung.com,Female,false
242,Ambros Physick,Memphis,aphysick6p@nifty.com,Male,true
243,Valentine Martinovic,Sifangxi,vmartinovic6q@facebook.com,Male,true
244,Brendan Catcheside,Bardiyā,bcatcheside6r@twitter.com,Male,false
245,Hamilton Probbing,Baiguo,hprobbing6s@cnbc.com,Male,true
246,Conny Rawlinson,Manadhoo,crawlinson6t@desdev.cn,Female,true
247,Maisey Sells,Hyesan-si,msells6u@ehow.com,Female,true
248,Spense Shere,Dongxin,sshere6v@ucoz.com,Male,false
249,Annabel Strotton,Corga,astrotton6w@skyrock.com,Female,true
250,Randy Clear,Białobrzegi,rclear6x@google.com,Male,true
251,Rene Orhtmann,Albi,rorhtmann6y@devhub.com,Male,true
252,Mufinella Walcot,Diancun,mwalcot6z@sogou.com,Female,true
253,Cyrus Fentem,Tobelo,cfentem70@plala.or.jp,Male,true
254,Thornie Frapwell,Kapatagan,tfrapwell71@unicef.org,Male,true
255,Raimund Growcock,Ruixi,rgrowcock72@list-manage.com,Agender,false
256,Luca Paty,Pirallahı,lpaty73@imdb.com,Male,false
257,Ari Cheetham,Saint-Paul,acheetham74@reddit.com,Male,false
258,Nadiya Balmadier,Jiamaogong,nbalmadier75@google.com.br,Polygender,true
259,Anica Jaimez,Uwelini,ajaimez76@shop-pro.jp,Female,false
260,Daren Bonavia,Il’skiy,dbonavia77@webmd.com,Male,false
261,Carolee Pearmine,Świecie,cpearmine78@hc360.com,Female,false
262,Wenonah Martusewicz,Ocongate,wmartusewicz79@feedburner.com,Female,true
263,Margie Capstake,Yanqul,mcapstake7a@house.gov,Female,true
264,Brenden Duerden,Coyah,bduerden7b@umich.edu,Bigender,false
265,Tomaso Vashchenko,Wushi,tvashchenko7c@quantcast.com,Male,false
266,Thain Welch,Nart,twelch7d@independent.co.uk,Male,true
267,Sybilla Magovern,Kalilangan,smagovern7e@cnet.com,Polygender,true
268,Nate Pendlebery,Lairoka,npendlebery7f@google.ru,Male,true
269,Skipton Burk,Wushi,sburk7g@nps.gov,Male,true
270,Lucho Kale,Foz do Iguaçu,lkale7h@telegraph.co.uk,Genderqueer,true
271,Farand Vandenhoff,Shchelkovo,fvandenhoff7i@bbc.co.uk,Female,true
272,Odessa Osburn,Gueset,oosburn7j@dot.gov,Female,true
273,Danit Auton,Muaralembu,dauton7k@mediafire.com,Female,true
274,Corby Lenz,Dzięgielów,clenz7l@uiuc.edu,Male,false
275,Melisenda Coghlan,Hallstahammar,mcoghlan7m@telegraph.co.uk,Female,false
276,Loren Plenty,Ngulangan,lplenty7n@jiathis.com,Female,true
277,Matilda Phillcock,Honjō,mphillcock7o@prlog.org,Female,true
278,Vachel Tidbold,Aianí,vtidbold7p@example.com,Male,true
279,Laure Dupey,Kuala Terengganu,ldupey7q@ustream.tv,Polygender,false
280,Dalila Duffil,San Ramón,dduffil7r@indiegogo.com,Female,true
281,Aymer Gorstidge,Konice,agorstidge7s@moonfruit.com,Polygender,true
282,Natale Crowest,Kastélli,ncrowest7t@multiply.com,Male,false
283,Carlyle Peron,Las Piñas,cperon7u@tumblr.com,Male,true
284,Murdoch Hardbattle,Quimper,mhardbattle7v@intel.com,Agender,false
285,Wileen Sculpher,Adstock,wsculpher7w@blogs.com,Female,false
286,Kerr Bottinelli,Koksovyy,kbottinelli7x@linkedin.com,Male,true
287,Reuben Orwin,Jablah,rorwin7y@usatoday.com,Male,false
288,Mareah Baiyle,Viso,mbaiyle7z@abc.net.au,Polygender,false
289,Francesco Drohan,Jetak Kulon,fdrohan80@discuz.net,Male,true
290,Barb Edworthie,Weifang,bedworthie81@china.com.cn,Female,true
291,Anita Treweela,Gonayiv,atreweela82@quantcast.com,Female,false
292,Thorn Latore,Remedios,tlatore83@booking.com,Male,true
293,Charita Labuschagne,Ifanes,clabuschagne84@nyu.edu,Female,true
294,Jobye Balderstone,Zuhu,jbalderstone85@amazon.de,Female,true
295,Agace Carse,Luftinjë,acarse86@seesaa.net,Female,true
296,Bartholomeo Esche,Ribeira Grande,besche87@ameblo.jp,Male,true
297,Franni Road,La Soledad,froad88@fema.gov,Female,false
298,Dar Corneck,Tepal,dcorneck89@list-manage.com,Male,true
299,Mommy Nixon,Sidaurip,mnixon8a@tripod.com,Female,false
300,Terry Bosanko,Yambio,tbosanko8b@quantcast.com,Female,true
301,Tomkin Ducaen,Götene,tducaen8c@hostgator.com,Male,true
302,Audie Robinson,Hulu,arobinson8d@nyu.edu,Female,false
303,Keane Ricker,Chkalov,kricker8e@independent.co.uk,Male,true
304,Gordon Tivers,Thakhèk,gtivers8f@mlb.com,Male,true
305,Denny McCleverty,Yasenevo,dmccleverty8g@howstuffworks.com,Non-binary,false
306,Louella Gitting,Władysławowo,lgitting8h@cloudflare.com,Polygender,false
307,Willamina Mouget,Brondong,wmouget8i@irs.gov,Female,false
308,Tallulah Carneck,Dowlatyār,tcarneck8j@canalblog.com,Female,false
309,Holt Creigan,Vale das Mós,hcreigan8k@umich.edu,Male,false
310,Dallon Fillingham,Pasarkolot,dfillingham8l@squidoo.com,Male,true
311,Gerrie Drache,Bayart Huxu,gdrache8m@gravatar.com,Female,true
312,Milissent Gruszecki,Leopoldina,mgruszecki8n@facebook.com,Female,true
313,Meredith Batt,Valparaíso,mbatt8o@forbes.com,Female,true
314,Laverne Lefeaver,Jinhe,llefeaver8p@gizmodo.com,Female,false
315,Dorene Whitelock,Anse Royale,dwhitelock8q@opera.com,Female,true
316,Arleyne Humpherston,Zielona Góra,ahumpherston8r@yolasite.com,Female,true
317,Ezekiel Drewson,Nogueira da Regedoura,edrewson8s@oracle.com,Bigender,false
318,Karlan Hast,Łaskarzew,khast8t@nbcnews.com,Male,true
319,Sacha Batchelour,Lila,sbatchelour8u@ovh.net,Female,true
320,Earl Chatten,Canavieiras,echatten8v@icio.us,Male,false
321,Pegeen Heffron,Sinŭiju,pheffron8w@squarespace.com,Female,true
322,Meg Summerhayes,Changlu,msummerhayes8x@seattletimes.com,Female,false
323,Egan Mackett,Thanh Xuân,emackett8y@lycos.com,Male,true
324,Marylynne Toffts,Kelungkung,mtoffts8z@apache.org,Female,false
325,Merla Daughtry,Huangxi,mdaughtry90@weather.com,Female,false
326,Genia Cancellario,Vindeln,gcancellario91@merriam-webster.com,Female,true
327,Jaye Gibbett,Oakland,jgibbett92@deviantart.com,Male,true
328,Tania Gabitis,Troitskiy,tgabitis93@intel.com,Female,false
329,Rolfe De Freyne,Delodpeken,rde94@hud.gov,Male,false
330,Halli Plan,Galutu,hplan95@wiley.com,Female,true
331,Ernestus Flagg,Killam,eflagg96@thetimes.co.uk,Male,false
332,Kinsley Stammirs,Rönninge,kstammirs97@prweb.com,Male,true
333,Benoite Rehorek,Bipolo,brehorek98@admin.ch,Female,false
334,Joice Jore,Bachuan,jjore99@facebook.com,Female,false
335,Wit Davidescu,Olovyannaya,wdavidescu9a@edublogs.org,Male,false
336,Leann Aronin,Garmo,laronin9b@wsj.com,Genderqueer,false
337,Bartholomew Adam,Jindřichův Hradec,badam9c@trellian.com,Male,true
338,Bobbye Neate,Ulety,bneate9d@amazon.com,Female,true
339,Joella Willstrop,Néa Filadélfeia,jwillstrop9e@wisc.edu,Female,false
340,Saba Ciccarelli,Puncan,sciccarelli9f@java.com,Female,false
341,Dino Yurocjkin,São Marcos,dyurocjkin9g@dailymotion.com,Male,false
342,Eunice Cops,Kampungbajo,ecops9h@tamu.edu,Female,true
343,Kerri Zanini,Shuangqiao,kzanini9i@amazon.com,Female,true
344,Moselle Northidge,Suchy Dąb,mnorthidge9j@e-recht24.de,Female,false
345,Porter Romagosa,Dunhao,promagosa9k@geocities.com,Male,false
346,Joelie Martignon,Polkowice,jmartignon9l@ifeng.com,Female,true
347,Chariot Trill,Silago,ctrill9m@eventbrite.com,Polygender,false
348,Rivi Cozins,Yaotian,rcozins9n@mayoclinic.com,Female,false
349,Natty Louca,Los Nogales,nlouca9o@wikimedia.org,Polygender,true
350,Galen Sturm,Bằng Lũng,gsturm9p@moonfruit.com,Male,false
351,Georgie Dobinson,Canguçu,gdobinson9q@statcounter.com,Female,true
352,Bartram Gummoe,Barranqueras,bgummoe9r@baidu.com,Male,false
353,Brady Clines,Fukagawa,bclines9s@sbwire.com,Male,true
354,Pauletta Gayle,Figueira,pgayle9t@about.me,Female,true
355,Ermina Gaydon,Savonranta,egaydon9u@i2i.jp,Female,true
356,Odey Cocozza,Resapombo,ococozza9v@desdev.cn,Male,false
357,Shellie Duddy,Slavgorod,sduddy9w@msn.com,Female,false
358,Irita Saville,Norakert,isaville9x@discovery.com,Genderfluid,false
359,Horatio Dulwich,Lucban,hdulwich9y@slashdot.org,Male,false
360,Aeriel Pasquale,Trà My,apasquale9z@sourceforge.net,Female,false
361,Lisa Reolfo,Yong’an,lreolfoa0@harvard.edu,Agender,false
362,Allistir Dooly,Ferreiras,adoolya1@soup.io,Male,false
363,Leona Sandry,Zaña,lsandrya2@slideshare.net,Genderfluid,true
364,Laurent Durban,Wuhu,ldurbana3@vkontakte.ru,Male,true
365,Heida Bortolotti,Forécariah,hbortolottia4@trellian.com,Genderfluid,true
366,Julee Sambrook,Woloara,jsambrooka5@cyberchimps.com,Female,false
367,Ilse Ryding,Kamenka,irydinga6@gizmodo.com,Female,true
368,Rubina Myall,Mineralnye Vody,rmyalla7@1und1.de,Female,true
369,Gaspar Manthorpe,Mikołów,gmanthorpea8@scientificamerican.com,Male,true
370,Theodore Pavolini,Richmond,tpavolinia9@globo.com,Male,true
371,Lydon Speak,Hede,lspeakaa@oaic.gov.au,Male,true
372,Jemima Le Ball,Tranås,jleab@goo.ne.jp,Female,true
373,Trish Dodding,Tais,tdoddingac@netlog.com,Female,false
374,Mick Mingaye,Saint Louis,mmingayead@so-net.ne.jp,Male,false
375,Forbes Francesc,Newton,ffrancescae@archive.org,Male,false
376,Sayer Sowood,København,ssowoodaf@yolasite.com,Male,false
377,Marlon Stealy,Conroe,mstealyag@google.com.br,Male,true
378,Loreen Labroue,Khanino,llabroueah@imageshack.us,Female,false
379,Elsy Hurdiss,Sutton,ehurdissai@tiny.cc,Female,false
380,Papageno Wheeldon,Ogaminan,pwheeldonaj@photobucket.com,Male,false
381,Allyce Monahan,Bastak,amonahanak@nifty.com,Female,false
382,Vinson Girardez,Strážnice,vgirardezal@feedburner.com,Male,true
383,Cornelle Codman,Hoeyang,ccodmanam@skyrock.com,Female,true
384,Regan Blick,San Isidro,rblickan@nytimes.com,Male,false
385,Raleigh Mayger,Vovchans’k,rmaygerao@state.tx.us,Male,true
386,Iolanthe Scandwright,Zamostochcha,iscandwrightap@comsenz.com,Female,false
387,Darryl Dampney,Kuishan,ddampneyaq@sakura.ne.jp,Male,false
388,Sada Eglington,Harrismith,seglingtonar@cargocollective.com,Female,true
389,Dalia Burgiss,Washington,dburgissas@independent.co.uk,Female,false
390,Jolynn Filipczynski,Abengourou,jfilipczynskiat@chicagotribune.com,Female,true
391,Loleta Ullyott,Tumxuk,lullyottau@barnesandnoble.com,Female,false
392,Thomasine O'Loughlin,Thomastown,toloughlinav@spotify.com,Female,false
393,Annemarie Tolomei,Novogurovskiy,atolomeiaw@php.net,Female,false
394,Haslett Bradshaw,Kaduseeng,hbradshawax@google.com,Male,true
395,Corliss Gare,Quezon,cgareay@addthis.com,Female,false
396,Kristyn Dripp,Maguilling,kdrippaz@eepurl.com,Female,false
397,Kirby Danielski,Baku,kdanielskib0@berkeley.edu,Female,true
398,Joellyn Verecker,Bucu Lor,jvereckerb1@unc.edu,Female,true
399,Arliene McIlhatton,Janaka,amcilhattonb2@intel.com,Female,false
400,Arlyne Madgett,Talon,amadgettb3@bizjournals.com,Female,false
401,Conni Piff,Al Qadarif,cpiffb4@blogspot.com,Polygender,false
402,Cash Spellsworth,Poli,cspellsworthb5@paypal.com,Male,true
403,Daren Dunbobin,Ipoh,ddunbobinb6@oracle.com,Male,true
404,Thorn Shoute,Nieszawa,tshouteb7@netvibes.com,Male,false
405,Konrad McCahill,Xinjiezhen,kmccahillb8@apple.com,Male,false
406,Carly Stegers,Paris 13,cstegersb9@usnews.com,Male,false
407,Marco Matchett,Lianhe,mmatchettba@posterous.com,Male,false
408,Shauna Haug,Donskoy,shaugbb@latimes.com,Female,false
409,Roobbie Hulatt,Ḩurayḑah,rhulattbc@sogou.com,Bigender,false
410,Chariot Flicker,Datarnangka,cflickerbd@apple.com,Male,true
411,Nicky Leetham,Ulyanovsk,nleethambe@msn.com,Male,false
412,Alexei Kopps,Ishinomaki,akoppsbf@oakley.com,Male,false
413,Tobiah Legerwood,Puerto Cumarebo,tlegerwoodbg@opensource.org,Male,false
414,Sherwood Skyram,Nyima,sskyrambh@vinaora.com,Male,false
415,Ruy Kuban,Dualing,rkubanbi@state.tx.us,Male,true
416,Thornie Della Scala,San Nicolas,tdellabj@webmd.com,Male,false
417,Stillman Souten,Sanana,ssoutenbk@feedburner.com,Male,true
418,Kurtis Ericsson,Mouhijärvi,kericssonbl@sciencedaily.com,Male,true
419,Aeriela Spavon,Saint-Pierre,aspavonbm@psu.edu,Female,true
420,Clerissa Iacovolo,Yuwan,ciacovolobn@macromedia.com,Female,false
421,Anna-diana Hartley,Zheleznogorsk,ahartleybo@slashdot.org,Female,false
422,Latrena Coneau,Guadalupe,lconeaubp@dmoz.org,Female,true
423,Jewel Pimley,Tiegai,jpimleybq@berkeley.edu,Female,false
424,Raynard Huntington,Pustomyty,rhuntingtonbr@nhs.uk,Male,false
425,Verene Raddin,Jauja,vraddinbs@elegantthemes.com,Female,false
426,Beverie Borrett,Wuxihe,bborrettbt@independent.co.uk,Female,true
427,Vale Pieracci,San Francisco,vpieraccibu@jiathis.com,Male,false
428,Perry Danielski,Anyu,pdanielskibv@multiply.com,Female,false
429,Hedi Torald,Velyki Kopany,htoraldbw@alibaba.com,Female,false
430,Jackie Cottam,Kingscourt,jcottambx@nyu.edu,Female,false
431,Gretna Booi,Ash Shaḩānīyah,gbooiby@who.int,Female,false
432,Farlie Clarkin,Zabrze,fclarkinbz@de.vu,Male,false
433,Lars Beckers,Zdice,lbeckersc0@hp.com,Male,false
434,Meaghan Kennon,Dacheng,mkennonc1@icio.us,Female,true
435,Kliment O'Sheerin,Saidpur,kosheerinc2@nationalgeographic.com,Male,true
436,Julienne Siddon,El Perico,jsiddonc3@digg.com,Female,false
437,Leland Tinwell,San Andrés Xecul,ltinwellc4@upenn.edu,Female,true
438,Wilow Tatterton,Bella Vista,wtattertonc5@ed.gov,Female,true
439,Yehudit Verralls,Mavingouni,yverrallsc6@arizona.edu,Male,true
440,Mathilde Portt,Mörön,mporttc7@imdb.com,Female,false
441,Talya Fedorski,L'Île-Perrot,tfedorskic8@europa.eu,Genderfluid,false
442,Mab Hyatt,Mahdishahr,mhyattc9@mysql.com,Non-binary,true
443,Myrilla Caukill,Daoukro,mcaukillca@com.com,Female,true
444,Robbert Bere,Stockholm,rberecb@boston.com,Male,false
445,Camile Fairpool,Raychikhinsk,cfairpoolcc@hatena.ne.jp,Female,false
446,Rudolf Schimpke,Kuala Lumpur,rschimpkecd@behance.net,Male,false
447,Matt Elesander,Meedhoo,melesanderce@mozilla.org,Male,false
448,Stillman Stonebanks,Kashira,sstonebankscf@flavors.me,Male,false
449,Nadya Meneer,Fontem,nmeneercg@cnn.com,Female,true
450,Linc Willoughey,Viamão,lwillougheych@naver.com,Genderfluid,false
451,Fin Mc Gorley,Kudirkos Naumiestis,fmcci@ocn.ne.jp,Male,true
452,Ahmed Habbershon,Lais,ahabbershoncj@blogtalkradio.com,Non-binary,false
453,Liana Whitehurst,Madur,lwhitehurstck@mozilla.com,Female,false
454,Giffard Bodley,Balung,gbodleycl@slashdot.org,Male,true
455,Karlen Britton,Bela Vista,kbrittoncm@examiner.com,Female,false
456,Jacquie Cheson,Göteborg,jchesoncn@dell.com,Female,false
457,Guenna Ransom,Henghe,gransomco@auda.org.au,Female,false
458,Roi Widdowes,Jingkou,rwiddowescp@cam.ac.uk,Male,false
459,Jory Clissold,Envira,jclissoldcq@ning.com,Male,false
460,Lucas Ladel,Kangar,lladelcr@pbs.org,Genderfluid,false
461,Samson Cookney,Domont,scookneycs@imgur.com,Male,false
462,Georgina Barribal,Tulsa,gbarribalct@sfgate.com,Female,true
463,Don Selwyne,Haveluloto,dselwynecu@hibu.com,Male,false
464,Pierre Bedinn,Casal,pbedinncv@de.vu,Non-binary,false
465,Jimmy Oldman,Ar Rawḑah,joldmancw@youku.com,Male,true
466,Gabbi Flintiff,Goubangzi,gflintiffcx@china.com.cn,Female,false
467,Zolly Fishe,Silvino Lobos,zfishecy@example.com,Male,true
468,Shellie Arnatt,Prakhon Chai,sarnattcz@google.com,Female,false
469,Elvin Dries,Manay,edriesd0@senate.gov,Male,true
470,Johann Sanchez,Marseille,jsanchezd1@statcounter.com,Male,true
471,Merl Matthewson,Krasnotur’insk,mmatthewsond2@upenn.edu,Female,false
472,Clive Berrow,Youkounkoun,cberrowd3@ted.com,Male,true
473,Charmian Bea,Kéfalos,cbead4@buzzfeed.com,Female,false
474,Waylan Leftley,Phra Yuen,wleftleyd5@icio.us,Male,false
475,Marmaduke Burehill,Cukalat,mburehilld6@github.io,Male,true
476,Ianthe Westhead,Miaoli,iwestheadd7@photobucket.com,Female,false
477,Maurine Harsnep,Lgota Wielka,mharsnepd8@imageshack.us,Female,true
478,Benni Greenhall,Lubuk Sikaping,bgreenhalld9@ycombinator.com,Female,false
479,Darla Beebis,Itabaianinha,dbeebisda@unblog.fr,Female,true
480,Ware Waber,Bergen,wwaberdb@blogs.com,Male,true
481,Georgeta Friar,Tuusula,gfriardc@nps.gov,Female,false
482,Rusty Glendinning,El Crucero,rglendinningdd@usgs.gov,Male,true
483,Eden Mammatt,El Quetzal,emammattde@w3.org,Female,false
484,Sanson Castagnasso,Ylitornio,scastagnassodf@tuttocitta.it,Male,false
485,Dora Lambertazzi,Kota Kinabalu,dlambertazzidg@ucoz.com,Female,false
486,Gaylord Braune,Jishu,gbraunedh@studiopress.com,Male,false
487,Ced Weathey,Nagoya-shi,cweatheydi@jugem.jp,Male,false
488,Maren Mac Geaney,Youhao,mmacdj@technorati.com,Female,false
489,Ruthanne Buncom,Mangusu,rbuncomdk@fotki.com,Female,true
490,Coleen Danilevich,Sapu Padidu,cdanilevichdl@mozilla.org,Female,false
491,Salmon Mc Combe,Debrzno,smcdm@businessinsider.com,Male,false
492,Dorthea Dyshart,Semboropasar,ddyshartdn@gravatar.com,Female,true
493,Cirillo Cutill,Sukajadi,ccutilldo@devhub.com,Male,true
494,Dallis Banford,Chŏngju,dbanforddp@marketwatch.com,Male,false
495,Conroy Kingh,Tabio,ckinghdq@reddit.com,Male,false
496,Bucky Travis,Puračić,btravisdr@google.nl,Male,false
497,Biron Shaves,Nové Město nad Metují,bshavesds@microsoft.com,Male,false
498,Clayton Mapp,Mulyoagung,cmappdt@wsj.com,Male,false
499,Giff Bryde,Baiquan,gbrydedu@fastcompany.com,Male,false
500,Kristan Yateman,Vrilissia,kyatemandv@hao123.com,Female,false
501,Alecia Yon,Madīnat Lab‘ūs,ayondw@hibu.com,Female,true
502,Twyla I'anson,Särkisalo,tiansondx@archive.org,Female,true
503,Alberto Roubottom,Saidpur,aroubottomdy@constantcontact.com,Male,true
504,Arri Chomicz,Sapouy,achomiczdz@dyndns.org,Genderqueer,false
505,Victor Gilhoolie,Sakété,vgilhooliee0@wiley.com,Non-binary,true
506,Pierette Smy,Starobaltachevo,psmye1@odnoklassniki.ru,Female,false
507,Aloysia Shine,Pumaqangtang,ashinee2@hc360.com,Female,true
508,Galina Farey,Fenais da Ajuda,gfareye3@tinypic.com,Polygender,false
509,Cordi Comusso,Paris 19,ccomussoe4@desdev.cn,Female,true
510,Belinda Realy,Watulimo,brealye5@ifeng.com,Female,false
511,Christabella Heskey,Oliveira,cheskeye6@youku.com,Female,true
512,Gratiana Espinheira,Khorixas,gespinheirae7@gov.uk,Non-binary,true
513,Nessi Coxall,Dragomer,ncoxalle8@dailymotion.com,Female,false
514,Beulah Oldfield,Buenavista,boldfielde9@un.org,Female,false
515,Magdalena Anger,Birni N Konni,mangerea@php.net,Female,true
516,Danika Gerrie,Yuto,dgerrieeb@facebook.com,Female,true
517,Ave Kynton,Shima,akyntonec@tuttocitta.it,Male,false
518,Beverley Igounet,Kirovskaya,bigouneted@baidu.com,Female,false
519,Niko Lewtey,Hasuda,nlewteyee@samsung.com,Male,false
520,Joyous Jakubovics,Yuelai,jjakubovicsef@etsy.com,Female,true
521,Angie Collocott,Mauloo,acollocotteg@foxnews.com,Male,false
522,Kristien Walthew,Changsheng,kwaltheweh@geocities.jp,Female,false
523,Mariska Borkett,Machida,mborkettei@amazon.co.uk,Female,false
524,Zedekiah Gianni,Bendosari,zgianniej@facebook.com,Non-binary,true
525,Farly O'Fairy,Dapitan,fofairyek@facebook.com,Male,true
526,Cherise Mertin,Novovladykino,cmertinel@geocities.com,Female,true
527,Minda Du Plantier,Lishui,mduem@shareasale.com,Female,false
528,Peterus Trodden,Kalilangan,ptroddenen@hostgator.com,Male,true
529,Jerrie Harewood,Santana de Parnaíba,jharewoodeo@ca.gov,Male,false
530,Sandie Gissop,Lady Frere,sgissopep@un.org,Female,true
531,Cleon Nasi,Hato Mayor del Rey,cnasieq@vistaprint.com,Male,false
532,Malva Bool,Calape,mbooler@cbsnews.com,Genderfluid,true
533,Taylor Birdall,Hatu Buh,tbirdalles@wikispaces.com,Male,true
534,Alain Timewell,Wieczfnia Kościelna,atimewellet@homestead.com,Male,false
535,Zachery Hanmer,Krosno Odrzańskie,zhanmereu@sphinn.com,Male,true
536,Inessa Wilsey,Jingtou,iwilseyev@cocolog-nifty.com,Female,false
537,Katie Jayume,Ob’,kjayumeew@mozilla.com,Agender,false
538,Mycah Barry,Solna,mbarryex@telegraph.co.uk,Male,true
539,Anson Desson,Pringgoboyo,adessoney@addthis.com,Male,true
540,Nikolaos Bartali,Wola Rębkowska,nbartaliez@blinklist.com,Male,true
541,Velvet Mount,Mangseng,vmountf0@hatena.ne.jp,Female,true
542,Abigale Cookley,Embarcación,acookleyf1@usatoday.com,Female,false
543,Elane Russon,Al Ḩayfah,erussonf2@clickbank.net,Bigender,false
544,Wallace Gwilliams,Yangsan,wgwilliamsf3@com.com,Male,false
545,Hallsy Clinning,Kalangbret,hclinningf4@sciencedaily.com,Male,true
546,Nissa Woolvin,Nierumai,nwoolvinf5@hugedomains.com,Female,false
547,Neal Ibeson,Santiago de Cuba,nibesonf6@bigcartel.com,Male,true
548,Packston Yapp,Lalmanirhat,pyappf7@addtoany.com,Male,false
549,Kev Feavyour,Kahrīz,kfeavyourf8@msu.edu,Male,false
550,Ellwood Hearne,Koška,ehearnef9@hibu.com,Male,false
551,Aileen Gabbatt,Trzebiatów,agabbattfa@storify.com,Female,true
552,Clair Wigfield,Nevel’sk,cwigfieldfb@google.pl,Female,false
553,Marius Eustis,Plavy,meustisfc@disqus.com,Male,true
554,Gwyn Chamberlayne,Colares,gchamberlaynefd@wp.com,Female,true
555,Horacio Methringham,Micoud,hmethringhamfe@google.es,Male,false
556,Clim Astlet,Vallegrande,castletff@posterous.com,Male,false
557,Haroun Kinnar,Bečmen,hkinnarfg@foxnews.com,Male,true
558,Vonni Farress,Dalinhe,vfarressfh@indiatimes.com,Female,true
559,Debera Soitoux,Zhixia,dsoitouxfi@mlb.com,Female,false
560,Gerick Goodridge,Shuigou,ggoodridgefj@latimes.com,Male,true
561,Allister Kleinholz,Paradahan,akleinholzfk@fema.gov,Genderfluid,true
562,Zaccaria Lamswood,Sanfins,zlamswoodfl@skyrock.com,Male,false
563,Dyane Van den Velden,Tuateta,dvanfm@arstechnica.com,Genderfluid,false
564,Zoe Usborn,Garang,zusbornfn@cnn.com,Female,true
565,Izzy Weekes,Ganting,iweekesfo@cpanel.net,Male,false
566,Wallache Tschiersch,Sang-e Māshah,wtschierschfp@barnesandnoble.com,Male,true
567,Isabelita Chapellow,Sigay,ichapellowfq@linkedin.com,Female,false
568,Carole Jaques,Konduga,cjaquesfr@guardian.co.uk,Female,false
569,Oliy Posten,Pamedaran,opostenfs@mayoclinic.com,Female,true
570,Dougy Karlsen,Paleran,dkarlsenft@archive.org,Male,true
571,Pia Shires,Tabon,pshiresfu@ucoz.com,Female,true
572,Ronalda Le Strange,Villeurbanne,rlefv@uiuc.edu,Female,true
573,Connor Thoumas,Bailingnao,cthoumasfw@answers.com,Male,false
574,Merlina Blackaby,Dunleer,mblackabyfx@archive.org,Bigender,true
575,Rubi Pratton,Gwandu,rprattonfy@domainmarket.com,Female,false
576,Ulick Krzysztof,Vokhaïkó,ukrzysztoffz@deviantart.com,Male,true
577,Darb Olekhov,Koffiefontein,dolekhovg0@histats.com,Male,false
578,Martelle Summerskill,Jianxin,msummerskillg1@rediff.com,Polygender,false
579,Alejandro Rohan,Bagumbayan,arohang2@vimeo.com,Male,false
580,Morie Sawl,Covas,msawlg3@naver.com,Male,false
581,Dwight Dibb,Yushugou,ddibbg4@nifty.com,Male,true
582,Edyth Ech,Karoya,eechg5@feedburner.com,Female,true
583,Luis Daviddi,Sumberpandan,ldaviddig6@huffingtonpost.com,Male,true
584,Montgomery Bollands,Kuźnia Raciborska,mbollandsg7@dell.com,Male,false
585,Jeramey Langsdon,Karantaba,jlangsdong8@weebly.com,Male,false
586,Heriberto Rabl,Daya,hrablg9@dion.ne.jp,Male,false
587,Sharla Flemyng,Xinying,sflemyngga@yale.edu,Female,true
588,Jerry Ondricek,Juncheng,jondricekgb@netvibes.com,Female,false
589,Karry Delany,Zaječar,kdelanygc@eventbrite.com,Female,false
590,Sunny Loidl,Smederevo,sloidlgd@uol.com.br,Female,false
591,Cornie Choulerton,Guanta,cchoulertonge@hexun.com,Female,false
592,Courtney Inston,Yāsūf,cinstongf@lycos.com,Male,true
593,Dolores Goom,Constance,dgoomgg@ted.com,Female,false
594,Zerk Sweeten,Khlong Yai,zsweetengh@pbs.org,Male,false
595,Matteo Ladyman,Fort Worth,mladymangi@rakuten.co.jp,Male,false
596,Gale Blenkhorn,Gobō,gblenkhorngj@nationalgeographic.com,Female,false
597,Bartholomeus Beetles,Vis,bbeetlesgk@g.co,Agender,true
598,Cirstoforo Camous,Qingu,ccamousgl@woothemes.com,Male,false
599,Happy Pareman,Kraslice,hparemangm@ifeng.com,Female,false
600,Klemens Seneschal,Dnipryany,kseneschalgn@taobao.com,Male,false
601,Wilek Aguirre,Rio Verde de Mato Grosso,waguirrego@rambler.ru,Male,true
602,Zelda Boughtflower,Charras,zboughtflowergp@tripadvisor.com,Female,true
603,Michel Philpots,Dieppe,mphilpotsgq@godaddy.com,Male,false
604,Merwyn Petrasso,Kosai-shi,mpetrassogr@webeden.co.uk,Male,false
605,Lizabeth Glader,Magang,lgladergs@state.gov,Female,false
606,Eustacia Vearnals,El Bolsón,evearnalsgt@earthlink.net,Female,true
607,Kelsi Axup,Karlskoga,kaxupgu@ted.com,Female,true
608,Mead Hebron,Tunguang,mhebrongv@craigslist.org,Male,true
609,Shannon Moxson,Mukdahan,smoxsongw@google.co.uk,Male,true
610,Vito Witton,Bundoran,vwittongx@mapy.cz,Male,false
611,Cindy Dobkin,Xijia,cdobkingy@slideshare.net,Non-binary,true
612,Maureene Tokley,Wololele A,mtokleygz@paginegialle.it,Female,true
613,Austin Ormiston,Týnec,aormistonh0@google.ru,Genderqueer,false
614,Oran Carnall,Rancharia,ocarnallh1@csmonitor.com,Male,true
615,Richie Hellmer,Nice,rhellmerh2@mail.ru,Male,true
616,Baxy Ingon,Fyllingsdalen,bingonh3@who.int,Male,true
617,Sidonia Brands,Pawing,sbrandsh4@un.org,Female,true
618,Tadd Gerwood,Masuguru,tgerwoodh5@slideshare.net,Male,true
619,Neille Kenryd,Seredyna-Buda,nkenrydh6@forbes.com,Female,true
620,Grady Mullally,Binhailu,gmullallyh7@yelp.com,Male,true
621,Clive Boscher,Qiakeri,cboscherh8@amazon.de,Male,false
622,Trumann Agate,Benevides,tagateh9@nymag.com,Male,true
623,Essa MacQuaker,Mamedkala,emacquakerha@wufoo.com,Female,true
624,Catharine Sturmey,Hamm,csturmeyhb@dagondesign.com,Bigender,true
625,Tirrell Pierpoint,Macheng,tpierpointhc@timesonline.co.uk,Agender,false
626,Emmit Micco,Dajin,emiccohd@gov.uk,Male,true
627,Jodee Dibbs,Tiebukenwusan,jdibbshe@cnbc.com,Female,true
628,Cristal Saterweyte,Chebba,csaterweytehf@about.me,Female,false
629,Tommy Cicchillo,Tongkiling,tcicchillohg@nasa.gov,Male,true
630,Martainn Arendsen,Xinglong,marendsenhh@phoca.cz,Male,true
631,Nicolis Duggon,Kantyshevo,nduggonhi@ning.com,Male,false
632,Norton Silliman,Pocokan Satu,nsillimanhj@sitemeter.com,Genderfluid,true
633,Othilie Revington,Druya,orevingtonhk@sfgate.com,Female,true
634,Alena Gentreau,Montalegre,agentreauhl@gmpg.org,Female,false
635,Cathie Beckford,Tayzhina,cbeckfordhm@miitbeian.gov.cn,Female,true
636,Charyl Rafter,Barra Velha,crafterhn@over-blog.com,Female,false
637,Neely Wratten,Khotiv,nwrattenho@goo.ne.jp,Female,false
638,Brinn MacCahee,Pagatan,bmaccaheehp@zimbio.com,Female,false
639,Coralie Verney,Cangshi,cverneyhq@sphinn.com,Non-binary,true
640,Timothy Wolffers,Zīrakī,twolffershr@reddit.com,Male,true
641,Kristin Franceschi,Saint Petersburg,kfranceschihs@prweb.com,Agender,false
642,Enrico Salmons,Ganquan,esalmonsht@sogou.com,Male,true
643,Annadiana Gatherer,Mahalapye,agathererhu@liveinternet.ru,Female,true
644,Stanley McTavish,Ovalle,smctavishhv@meetup.com,Male,false
645,Dag McCaskill,Surazh,dmccaskillhw@upenn.edu,Male,true
646,Ariana Iacoviello,Bumirejo,aiacoviellohx@t.co,Female,false
647,Wakefield Harm,Huazhuang,wharmhy@myspace.com,Male,false
648,Gannie Lilburn,Himeville,glilburnhz@bing.com,Male,true
649,Page Chinnock,Melekeok Village,pchinnocki0@vk.com,Male,true
650,Giavani Ullyatt,Aranhas,gullyatti1@miitbeian.gov.cn,Male,false
651,Lazarus Piechnik,Mishima,lpiechniki2@nyu.edu,Male,false
652,Rori Mowles,Kutum,rmowlesi3@ycombinator.com,Agender,false
653,Ozzy Zotto,Studzionka,ozottoi4@dmoz.org,Male,true
654,Harry Renvoys,Qili,hrenvoysi5@npr.org,Male,true
655,Culver Gellier,Ntungamo,cgellieri6@google.com.au,Male,false
656,Davita Howley,Bograd,dhowleyi7@npr.org,Female,false
657,Quintina Hugnin,Shuangxing,qhugnini8@shareasale.com,Female,false
658,Husein Cereceres,Čair,hcereceresi9@guardian.co.uk,Male,false
659,Hilary Tunnicliff,Yichun,htunnicliffia@arizona.edu,Male,true
660,Lorna Antosch,Naran Bulag,lantoschib@forbes.com,Female,true
661,Chariot Rilings,Zhavoronki,crilingsic@dropbox.com,Male,false
662,Raynard Flanne,Íquira,rflanneid@gmpg.org,Male,false
663,Ronica Karleman,Jurh,rkarlemanie@blogtalkradio.com,Female,false
664,Mala Pirdy,Santo Amaro,mpirdyif@webmd.com,Female,true
665,Maynord Kaasmann,Banjar Asahduren,mkaasmannig@icq.com,Male,false
666,Fonzie Zannetti,Nardaran,fzannettiih@tripadvisor.com,Male,false
667,Sandro Dudding,Casigua El Cubo,sduddingii@amazon.com,Male,true
668,Tawnya Knoble,Xiatuanpu,tknobleij@shutterfly.com,Agender,true
669,Kiel Billyeald,Shatian,kbillyealdik@ucoz.ru,Male,false
670,Aluin Waliszek,Charlotte,awaliszekil@chronoengine.com,Male,false
671,Barde Lawson,Dawuhan,blawsonim@dagondesign.com,Male,false
672,Kriste Cosin,Avarua,kcosinin@dedecms.com,Female,true
673,Emmit Pittendreigh,Dong’an,epittendreighio@sohu.com,Male,true
674,Lisle Shugg,Batroûn,lshuggip@gmpg.org,Male,false
675,Abbot Nockalls,Podgorenskiy,anockallsiq@forbes.com,Male,false
676,Carroll Northleigh,Buyuan,cnorthleighir@businesswire.com,Female,false
677,Aurel O'Moylan,Monte Alegre,aomoylanis@booking.com,Female,true
678,Errol Benedito,Andrézieux-Bouthéon,ebeneditoit@yellowbook.com,Male,false
679,Blakelee Waghorn,Baton Rouge,bwaghorniu@wunderground.com,Non-binary,true
680,Shaylah Hellens,Paprotnia,shellensiv@zimbio.com,Female,true
681,Mitch Dearth,Bucheon-si,mdearthiw@java.com,Male,false
682,Margaretta Danser,Helin,mdanserix@who.int,Female,false
683,Ingmar Height,Svirsk,iheightiy@comsenz.com,Male,false
684,Salvador Kasting,Anbyŏn-ŭp,skastingiz@army.mil,Male,true
685,Evered Aksell,Marcos Juárez,eaksellj0@ca.gov,Male,false
686,Vallie Merryman,Simo Satu,vmerrymanj1@discovery.com,Female,false
687,Romain Brandenberg,Tampere,rbrandenbergj2@twitter.com,Male,false
688,Nealy Lanfear,Čajniče,nlanfearj3@amazon.com,Male,false
689,Melissa Siemandl,Cikaludan,msiemandlj4@state.gov,Female,true
690,Annmarie Kopfer,Banjar Tiga,akopferj5@rakuten.co.jp,Agender,false
691,Jemmy Yeoman,Bergem,jyeomanj6@ow.ly,Female,false
692,Carlyle Ducroe,Tercena,cducroej7@biblegateway.com,Male,false
693,Sherwood Disley,Bailu,sdisleyj8@joomla.org,Male,false
694,Tod Blacksell,Cihaurbeuti,tblacksellj9@sfgate.com,Male,true
695,Cointon Moxsom,Juan Adrián,cmoxsomja@odnoklassniki.ru,Male,false
696,Kerk Winterton,Clisson,kwintertonjb@naver.com,Male,true
697,Priscella Crossfeld,Atamanovka,pcrossfeldjc@cisco.com,Female,false
698,Amitie Dilawey,Foča,adilaweyjd@tiny.cc,Female,false
699,Zacharie Tousey,Carcassonne,ztouseyje@list-manage.com,Male,true
700,Abel Rodenburg,Dueñas,arodenburgjf@samsung.com,Male,false
701,Filberte Dring,Maji,fdringjg@techcrunch.com,Male,true
702,Fredericka Besemer,Colinas,fbesemerjh@amazon.co.uk,Female,true
703,Ulysses Thonger,Razgrad,uthongerji@blog.com,Male,true
704,Andria Clair,Columbia,aclairjj@harvard.edu,Female,false
705,Viva Coupland,Hidalgo,vcouplandjk@godaddy.com,Female,true
706,Thomasin Tarbard,Taraz,ttarbardjl@rakuten.co.jp,Female,false
707,Chip Willcott,Kamennyye Potoki,cwillcottjm@i2i.jp,Polygender,false
708,Henrietta Tyt,Tewulike,htytjn@xrea.com,Female,true
709,Steffane Charker,Salas,scharkerjo@spiegel.de,Polygender,true
710,Claudian Tolchard,Minna,ctolchardjp@usa.gov,Male,false
711,Lutero Andersen,Huixian Chengguanzhen,landersenjq@discovery.com,Male,true
712,Tamqrah Vick,Waśniów,tvickjr@tinypic.com,Female,true
713,Silas Engelmann,Pingwang,sengelmannjs@japanpost.jp,Male,true
714,Bren Ternent,Fryazino,bternentjt@cocolog-nifty.com,Male,false
715,Kelley Benedicto,Lima,kbenedictoju@marriott.com,Male,true
716,Marco Geratasch,Jati,mgerataschjv@tuttocitta.it,Male,true
717,Melvin Paydon,Aktogay,mpaydonjw@craigslist.org,Polygender,false
718,Billi Blamey,Dali,bblameyjx@tmall.com,Female,true
719,Nickolai Tweede,Anjirserapat,ntweedejy@seesaa.net,Male,false
720,Andrus Sandford,Stonewall,asandfordjz@exblog.jp,Male,false
721,Dimitri Devote,Oliveira do Conde,ddevotek0@weebly.com,Male,false
722,Petunia Easbie,Bultfontein,peasbiek1@ycombinator.com,Female,true
723,Hertha Joules,Białogard,hjoulesk2@wikimedia.org,Female,false
724,Hewitt Goldsby,Gaozhou,hgoldsbyk3@ed.gov,Male,false
725,Mill Parmby,Dhaka,mparmbyk4@virginia.edu,Male,true
726,Kellen Geater,Tanggan,kgeaterk5@yandex.ru,Male,true
727,Ammamaria Ibotson,Azurva,aibotsonk6@devhub.com,Female,true
728,Dagmar Kenefick,Vysokovsk,dkenefickk7@twitter.com,Female,true
729,Erica Schapero,Sidonganti,eschaperok8@hao123.com,Female,true
730,Osbourne Venediktov,Martakert,ovenediktovk9@theglobeandmail.com,Male,true
731,Carita Byrch,Ulanov,cbyrchka@fotki.com,Female,true
732,Prentice Miall,El Cantón de San Pablo,pmiallkb@nasa.gov,Male,true
733,Antonino Zamora,Nianba,azamorakc@bloglines.com,Male,true
734,Lindsy Rassell,Kachug,lrassellkd@army.mil,Female,true
735,Liesa Daish,Mełgiew,ldaishke@typepad.com,Female,false
736,Nataline Nornasell,Moshkovo,nnornasellkf@last.fm,Female,true
737,Hymie Mullane,Mons,hmullanekg@berkeley.edu,Male,false
738,Burnard Milham,Žagarė,bmilhamkh@dmoz.org,Male,false
739,Elbertine Tume,Gagnoa,etumeki@bandcamp.com,Female,false
740,Antoni Prandin,Umeå,aprandinkj@ehow.com,Male,true
741,Gert Presdie,Jhumra,gpresdiekk@twitpic.com,Female,true
742,Remington Rawsthorne,Vĩnh Tường,rrawsthornekl@gmpg.org,Male,false
743,Othilie Monkleigh,San Calixto,omonkleighkm@hp.com,Female,true
744,Bili Gullivent,Zbraslavice,bgulliventkn@people.com.cn,Female,true
745,Thalia Goldsbury,Xin’an,tgoldsburyko@slate.com,Female,true
746,Lucie Pidon,Liantan,lpidonkp@booking.com,Female,false
747,Branden Rigg,Santana,briggkq@shutterfly.com,Male,true
748,Vale Henighan,Kliteh,vhenighankr@cbsnews.com,Male,true
749,Moselle Cashin,Örebro,mcashinks@e-recht24.de,Female,false
750,Emmaline Christer,Ziftá,echristerkt@123-reg.co.uk,Non-binary,false
751,Loleta Norley,Kokstad,lnorleyku@1und1.de,Female,false
752,Shirley Zealander,Koímisi,szealanderkv@admin.ch,Female,true
753,Rosanna Beston,Heqian,rbestonkw@tiny.cc,Female,true
754,Tabitha Breckwell,Mirsk,tbreckwellkx@flavors.me,Female,false
755,Salvatore Seleway,Oughterard,sselewayky@yellowbook.com,Male,true
756,Fraze Shilliday,Likhovskoy,fshillidaykz@epa.gov,Male,false
757,Sher Donald,Shunde,sdonaldl0@ezinearticles.com,Female,true
758,Lizbeth Treace,Tabou,ltreacel1@slate.com,Female,false
759,Barbara Deackes,Independencia,bdeackesl2@unc.edu,Agender,true
760,Mirabella Chidwick,Ilići,mchidwickl3@dagondesign.com,Female,true
761,Darn Rumbellow,Parakanhonje Wetan,drumbellowl4@fc2.com,Male,false
762,Rosella Broscombe,Argivai,rbroscombel5@histats.com,Polygender,true
763,Darsey Delgadillo,Kościerzyna,ddelgadillol6@army.mil,Agender,false
764,Clemmy Yarrall,Sawahan,cyarralll7@va.gov,Male,false
765,Dietrich Staddart,Taypano,dstaddartl8@ibm.com,Male,false
766,Sidonia Rudsdell,Linhu,srudsdelll9@reddit.com,Female,true
767,Sacha Gansbuhler,Moulay Yacoub,sgansbuhlerla@github.com,Female,true
768,Hedi Kebbell,Kamirenjaku,hkebbelllb@hao123.com,Female,true
769,Irene Gledhill,Marulanda,igledhilllc@mashable.com,Female,true
770,Jenni McArley,Sunan,jmcarleyld@cargocollective.com,Female,false
771,Teresita Britnell,Gandajika,tbritnellle@hugedomains.com,Female,true
772,Nickolas Kuhne,Kokkári,nkuhnelf@bloglovin.com,Male,false
773,Estelle Chatan,‘Anat al Qadīmah,echatanlg@ihg.com,Female,false
774,Gustaf Chaytor,Ankola,gchaytorlh@skyrock.com,Male,false
775,Glyn Dalloway,Batsari,gdallowayli@moonfruit.com,Genderqueer,true
776,Mira Plampin,Oakland,mplampinlj@examiner.com,Female,false
777,Myer Edmondson,Kamojimachō-jōgejima,medmondsonlk@guardian.co.uk,Bigender,false
778,Randal Jarrell,Sengkerang Tiga,rjarrellll@rediff.com,Male,false
779,Kristine Scrace,Sishan,kscracelm@hubpages.com,Female,false
780,Shaylah Mebs,Talon,smebsln@jigsy.com,Female,false
781,Gustav Maty,Penglai,gmatylo@mapy.cz,Male,false
782,Clotilda Gannicott,Franca,cgannicottlp@ehow.com,Female,false
783,Lalo Easey,Puerto Aisén,leaseylq@goo.gl,Male,true
784,Claire Neath,Herrera,cneathlr@unesco.org,Male,false
785,Dianna Brannan,Armenokhórion,dbrannanls@elegantthemes.com,Female,false
786,Wilt Rantoull,Kola,wrantoulllt@ezinearticles.com,Male,false
787,Catharine Alessandrini,Kaiapoi,calessandrinilu@microsoft.com,Female,false
788,Inigo Christmas,Ban Lam Luk Ka,ichristmaslv@goo.ne.jp,Male,true
789,Gaspard Keming,Tcholliré,gkeminglw@bandcamp.com,Male,false
790,Ronnica Alejandre,San Isidro,ralejandrelx@google.fr,Female,false
791,Shurwood Dickin,Borovskiy,sdickinly@prweb.com,Male,true
792,Ogdan McMichan,Klášterec nad Ohří,omcmichanlz@china.com.cn,Male,true
793,Madlin Haker,Arrah,mhakerm0@foxnews.com,Female,true
794,Auguste Allibon,Huddinge,aallibonm1@twitpic.com,Female,true
795,Luciano Muldowney,Presa,lmuldowneym2@stanford.edu,Male,false
796,Mathias Yanele,Gangu Chengguanzhen,myanelem3@phoca.cz,Male,false
797,Candace Cochran,Petukhovo,ccochranm4@oaic.gov.au,Female,false
798,Gennie Gregoli,Popovice,ggregolim5@blogspot.com,Female,true
799,Nicholas Elkin,Naekan,nelkinm6@imgur.com,Male,false
800,Horatia Peterkin,Wanghu,hpeterkinm7@t.co,Female,false
801,Ilaire Rossborough,Ussel,irossboroughm8@adobe.com,Male,false
802,Tuck Cerith,Krajandadapmulyo,tcerithm9@prweb.com,Male,false
803,Claiborne Purser,Janów,cpurserma@answers.com,Male,false
804,Jarid Theml,Dębnica Kaszubska,jthemlmb@oakley.com,Male,true
805,Allen Borrows,Yishui,aborrowsmc@ox.ac.uk,Male,false
806,Kameko Kief,Ryōtsu-minato,kkiefmd@google.it,Polygender,false
807,Thom Patten,Nürnberg,tpattenme@google.com.au,Male,true
808,Harriet Cooch,Tân Kỳ,hcoochmf@theatlantic.com,Female,false
809,Petey O'Leahy,Shiqiaotou,poleahymg@odnoklassniki.ru,Male,true
810,Jessica Hayzer,Senekal,jhayzermh@prweb.com,Female,true
811,Harley Fittis,Tysmenytsya,hfittismi@jalbum.net,Bigender,false
812,Cointon Hallick,Gashua,challickmj@chronoengine.com,Male,true
813,Garwin Darree,Baiyashi,gdarreemk@merriam-webster.com,Male,false
814,Alikee Sollas,New Mīrpur,asollasml@statcounter.com,Female,true
815,Ambrosius Aldwick,Hinlayagan Ilaud,aaldwickmm@nydailynews.com,Male,true
816,Cordelia Cregin,Osiedle-Nowiny,ccreginmn@arstechnica.com,Female,false
817,Roddy Valentinetti,Shangyu,rvalentinettimo@slate.com,Male,false
818,Nikolas Dillon,Nong Hin,ndillonmp@google.co.jp,Male,false
819,Rice Crace,São Mateus,rcracemq@ted.com,Male,true
820,Sonia Ayres,Pyshchug,sayresmr@bloomberg.com,Female,false
821,Jo ann MacAllan,Fichē,jannms@pen.io,Female,true
822,Kile Tadgell,Kilifi,ktadgellmt@bizjournals.com,Male,false
823,Donavon Tarquinio,Ituiutaba,dtarquiniomu@admin.ch,Male,true
824,Marline Macek,Fengdian,mmacekmv@ucoz.ru,Female,false
825,Mabel Marsden,Vito,mmarsdenmw@artisteer.com,Bigender,true
826,Sheelagh Coudray,Jadowniki,scoudraymx@apple.com,Female,false
827,Ernest Galiero,São Tomé,egalieromy@bloomberg.com,Male,false
828,Gibb Storms,Issenye,gstormsmz@histats.com,Male,true
829,Bary Matts,Shengli,bmattsn0@spiegel.de,Male,true
830,Byrom Geindre,Guri i Zi,bgeindren1@npr.org,Male,true
831,Rufe Boxer,Dianbu,rboxern2@indiegogo.com,Male,false
832,Sharity Beeden,Xiachengzi,sbeedenn3@howstuffworks.com,Female,false
833,Reinhold Villar,Guayabo Dulce,rvillarn4@mtv.com,Male,true
834,Karen Coleson,Farriar,kcolesonn5@dot.gov,Female,false
835,Shari Heisham,Korenëvo,sheishamn6@yahoo.co.jp,Female,false
836,Janeen Tippett,Krajan Satu,jtippettn7@ucsd.edu,Female,true
837,Cullin Houselee,Fanhu,chouseleen8@webs.com,Male,true
838,Ronda Aberkirder,Trincomalee,raberkirdern9@ovh.net,Female,true
839,Kile Makiver,Illéla,kmakiverna@netscape.com,Agender,false
840,Derrek Extance,Bác Ái,dextancenb@tmall.com,Male,false
841,Shelby Spores,Montélimar,ssporesnc@bbb.org,Male,true
842,Johna Whale,Castlebridge,jwhalend@google.com,Female,true
843,Bryn Shoorbrooke,Petite Anse,bshoorbrookene@liveinternet.ru,Female,false
844,Robers Cowland,Reims,rcowlandnf@vinaora.com,Male,true
845,Delmore Dugald,Maţarah,ddugaldng@wunderground.com,Genderqueer,false
846,Frannie Secombe,Chirilagua,fsecombenh@cargocollective.com,Female,true
847,Gisela Stoney,Dykan’ka,gstoneyni@nba.com,Female,true
848,Ichabod Pyburn,Babura,ipyburnnj@indiatimes.com,Male,false
849,Aeriela Harefoot,Buenavista,aharefootnk@tiny.cc,Female,false
850,Quincey Fevier,Phutthaisong,qfeviernl@ftc.gov,Male,true
851,Baryram Theml,Pasar Kidul,bthemlnm@tumblr.com,Male,true
852,Conan Mayhead,Décines-Charpieu,cmayheadnn@mlb.com,Male,false
853,Lambert Donald,Menlou’ao,ldonaldno@earthlink.net,Male,true
854,Dunstan Wagner,Claresholm,dwagnernp@cafepress.com,Male,true
855,Denny Heustace,Pushkin,dheustacenq@usgs.gov,Female,true
856,Maddi Foulks,Druya,mfoulksnr@tamu.edu,Female,true
857,Lily Di Nisco,Heilongkou,ldins@technorati.com,Female,false
858,Nicko Owenson,Antalaha,nowensonnt@moonfruit.com,Male,true
859,Sande Crinson,Dongtucheng,scrinsonnu@biblegateway.com,Female,false
860,Terese Turle,Krasnyy Profintern,tturlenv@unblog.fr,Female,false
861,Seymour Thwaites,Santa Teresita,sthwaitesnw@businesswire.com,Bigender,true
862,Roze Gartsyde,Tongyang,rgartsydenx@alexa.com,Female,false
863,Gelya Wolffers,Lahishyn,gwolffersny@geocities.com,Female,true
864,Amalle Seymark,La Purisima,aseymarknz@dot.gov,Female,false
865,Con Grieg,Meixi,cgriego0@cloudflare.com,Female,true
866,Roxanne Norval,Portland,rnorvalo1@booking.com,Female,true
867,Isak Trivett,Uchaly,itrivetto2@mozilla.com,Male,true
868,Idette Fellman,Eskifjörður,ifellmano3@va.gov,Female,true
869,Rafi Vaudrey,Shabo,rvaudreyo4@kickstarter.com,Male,false
870,Korry Froome,Vigo,kfroomeo5@kickstarter.com,Female,true
871,Brennan Tubb,Zitong,btubbo6@gmpg.org,Male,true
872,Hedwiga Sedman,Nastola,hsedmano7@psu.edu,Female,true
873,Jeanette McCaskell,Ingå,jmccaskello8@imdb.com,Female,true
874,Juditha Issac,Lahuaytambo,jissaco9@about.me,Female,false
875,Jo Humbert,Tanlin,jhumbertoa@scribd.com,Male,false
876,Chrissy Height,Tulsīpur,cheightob@technorati.com,Genderfluid,true
877,Mauricio Newbury,Varniai,mnewburyoc@senate.gov,Male,false
878,Wallie Eivers,Senador Pompeu,weiversod@comsenz.com,Female,false
879,Tedi MacDowall,Quisao,tmacdowalloe@cornell.edu,Genderqueer,false
880,Allene De Witt,Přibyslav,adeof@technorati.com,Female,true
881,Brietta Showers,Hương Sơn,bshowersog@sciencedirect.com,Female,true
882,Hall Keningley,Benito Juarez,hkeningleyoh@mozilla.org,Male,true
883,Gary McConnal,Goryachevodskiy,gmcconnaloi@craigslist.org,Male,true
884,Morry Hume,Fresnes,mhumeoj@twitpic.com,Male,true
885,Karna Casper,Odivelas,kcasperok@census.gov,Female,false
886,Dorey Duffin,Doumuhu,dduffinol@youtube.com,Male,false
887,Douglas Lacroux,Fengchuan,dlacrouxom@ehow.com,Male,false
888,Daryl Skillicorn,Pajapita,dskillicornon@scribd.com,Female,false
889,Kipp Morit,Borås,kmoritoo@discovery.com,Male,true
890,Westbrook MacNeice,Tlumach,wmacneiceop@auda.org.au,Male,false
891,Michal Cadreman,Novi Bilokorovychi,mcadremanoq@who.int,Genderqueer,true
892,Magda Nussgen,Prosyana,mnussgenor@clickbank.net,Female,false
893,Elwin Baffin,Bilaran,ebaffinos@meetup.com,Polygender,true
894,Marianne MacMeeking,Huangshi,mmacmeekingot@godaddy.com,Genderqueer,false
895,Torre Mitchely,Ḩukūmat-e Shīnkaī,tmitchelyou@sakura.ne.jp,Male,true
896,Cherice Muirden,Sicheng,cmuirdenov@lulu.com,Female,false
897,Wallache Roswarn,Slovenski Javornik,wroswarnow@google.com,Male,false
898,Nonna Bussen,Uthal,nbussenox@list-manage.com,Female,true
899,Tibold Pirelli,Strassen,tpirellioy@indiegogo.com,Male,true
900,Kalle Circuit,Douz,kcircuitoz@redcross.org,Genderqueer,true
901,Ansell Wellesley,Muzi,awellesleyp0@hostgator.com,Male,false
902,Craig Escudier,Sabandia,cescudierp1@phpbb.com,Male,false
903,Carena Sexstone,Jibu,csexstonep2@cbc.ca,Female,false
904,Dale Le Breton De La Vieuville,Atlasovo,dlep3@npr.org,Male,false
905,Ambrosi Biss,Aqsay,abissp4@businesswire.com,Bigender,false
906,Anica Jantzen,Kyra,ajantzenp5@umn.edu,Female,true
907,Bert Lant,Matangpayang,blantp6@newyorker.com,Female,true
908,Stefan Cure,Qintang,scurep7@japanpost.jp,Male,false
909,Rhianna Valois,Mweka,rvaloisp8@dion.ne.jp,Female,false
910,Bordie Bernocchi,Buenavista,bbernocchip9@answers.com,Male,false
911,York Jarred,Horlivka,yjarredpa@uiuc.edu,Male,true
912,Melisenda Crossingham,Salakuray,mcrossinghampb@ucoz.com,Female,false
913,Alfonso Franc,Beigong,afrancpc@bigcartel.com,Male,true
914,Cloe Filtness,Cocachacra,cfiltnesspd@creativecommons.org,Female,false
915,Emili Runnett,Jinshiqiao,erunnettpe@goo.gl,Female,true
916,Terese Duxbury,Di Linh,tduxburypf@cpanel.net,Female,false
917,Amie Stallybrass,Maganha,astallybrasspg@businesswire.com,Female,true
918,Linoel Tree,Ziftá,ltreeph@mozilla.org,Male,true
919,Faith Zisneros,A’yi Take,fzisnerospi@ox.ac.uk,Female,true
920,Templeton Poge,Dalsjöfors,tpogepj@surveymonkey.com,Male,true
921,Burg O'Scollee,Puerto Mayor Otaño,boscolleepk@printfriendly.com,Genderfluid,false
922,Neill Strevens,Ḩablah,nstrevenspl@xrea.com,Male,false
923,Bessie Canty,Jimaguayú,bcantypm@usa.gov,Female,true
924,Tiffi Richley,Guluoshan,trichleypn@parallels.com,Genderfluid,false
925,Moll Phinnis,Ålesund,mphinnispo@washingtonpost.com,Female,false
926,Caleb Bengochea,Amuntai,cbengocheapp@altervista.org,Male,true
927,Auberon Vasilyonok,Kesheng,avasilyonokpq@yahoo.co.jp,Male,true
928,Wallie Ledeker,Vyshchetarasivka,wledekerpr@webnode.com,Female,true
929,Nicolais Fratson,Nkurenkuru,nfratsonps@google.co.jp,Male,true
930,Jobina Wilkenson,Świecie,jwilkensonpt@furl.net,Female,true
931,Tanner Casella,Jamaica,tcasellapu@github.com,Male,true
932,Olivero Crier,Sumberjeruk,ocrierpv@whitehouse.gov,Male,false
933,Logan Isson,Kasama,lissonpw@symantec.com,Male,false
934,Shanon Dysert,Armash,sdysertpx@answers.com,Female,true
935,Sharai Morit,Athlone,smoritpy@discovery.com,Female,true
936,Murvyn Molyneux,Saskylakh,mmolyneuxpz@ted.com,Male,true
937,Shae Hartridge,Delodpeken,shartridgeq0@miitbeian.gov.cn,Male,false
938,Tammie Ramsbottom,Malesína,tramsbottomq1@wikia.com,Male,true
939,Guinna Bullard,Zhangting,gbullardq2@chronoengine.com,Female,true
940,Ethelind Bariball,Patos de Minas,ebariballq3@tinyurl.com,Female,true
941,Genny Bamb,Pétionville,gbambq4@washington.edu,Female,true
942,Alexi Logie,Lomba,alogieq5@ycombinator.com,Female,true
943,Boyce Grute,Kyenjojo,bgruteq6@prlog.org,Bigender,true
944,David Banyard,Dongxing,dbanyardq7@techcrunch.com,Male,false
945,Abigale Puddle,Göteborg,apuddleq8@mit.edu,Female,false
946,Tilly Alesi,Dinggou,talesiq9@who.int,Female,false
947,Bryana Slyne,Monchegorsk,bslyneqa@ebay.com,Female,false
948,Joceline Betun,Weston,jbetunqb@bluehost.com,Genderqueer,true
949,Merwyn Greystock,Pagelaran,mgreystockqc@tumblr.com,Male,true
950,Gil Moyler,São Miguel de Machede,gmoylerqd@hubpages.com,Male,false
951,Haleigh Callum,Santa Rita,hcallumqe@pbs.org,Female,true
952,Bentlee Tinkham,Khāndbāri,btinkhamqf@parallels.com,Male,false
953,Henrik Gannaway,Bazar-Korgon,hgannawayqg@senate.gov,Male,false
954,Corbie Smye,Kungsbacka,csmyeqh@thetimes.co.uk,Male,true
955,Horace Peacop,Sexmoan,hpeacopqi@home.pl,Male,false
956,Beatriz Shubotham,Puncakmanis,bshubothamqj@irs.gov,Polygender,false
957,Dolores Spehr,Palmas,dspehrqk@aol.com,Female,false
958,Caleb Hallstone,Mtimbira,challstoneql@delicious.com,Male,false
959,Melvyn Brecknock,Qingshui,mbrecknockqm@businesswire.com,Male,true
960,Joan Rottgers,Tehrān,jrottgersqn@about.com,Female,true
961,Amy Inkles,Sieradza,ainklesqo@free.fr,Female,false
962,Val Roberto,Toroy,vrobertoqp@opensource.org,Male,true
963,Winfred Rediers,Springfield,wrediersqq@geocities.jp,Polygender,true
964,Saunder Preon,El Arenal,spreonqr@plala.or.jp,Male,true
965,Alina Order,Pilang,aorderqs@economist.com,Female,false
966,Norrie Hame,Pamedaran,nhameqt@mlb.com,Male,false
967,Jehu Nornasell,San Vicente,jnornasellqu@sina.com.cn,Male,true
968,Sherrie Winscomb,Qaraçuxur,swinscombqv@netscape.com,Female,true
969,Vina Wadman,Peremyshl’,vwadmanqw@miibeian.gov.cn,Female,true
970,Judd Coo,Xiaohe,jcooqx@noaa.gov,Genderfluid,true
971,Keir Horlick,Baitao,khorlickqy@e-recht24.de,Male,false
972,Leonerd Kordovani,Lumby,lkordovaniqz@tripadvisor.com,Male,true
973,Gallard Sargison,Cilolohan,gsargisonr0@vinaora.com,Male,false
974,Scarface Bromehed,Oslob,sbromehedr1@cnn.com,Male,false
975,Kass Maybery,Krajan Kinanti,kmayberyr2@comsenz.com,Female,false
976,Karoly Pittendreigh,Bolesławiec,kpittendreighr3@goo.ne.jp,Female,false
977,Addison Scothorn,Npongge,ascothornr4@uiuc.edu,Male,true
978,Greg Toretta,Bijela,gtorettar5@histats.com,Male,false
979,Livia Aynold,Smiths Falls,laynoldr6@live.com,Female,false
980,Marmaduke Northcott,Kasaoka,mnorthcottr7@networksolutions.com,Male,true
981,Mattie Julyan,Renfengzhuang,mjulyanr8@list-manage.com,Male,false
982,Alphard Ausher,Svalyava,aausherr9@mtv.com,Male,true
983,Nanci Whettleton,Tangwāni,nwhettletonra@go.com,Female,false
984,Claudette Budibent,Pizarrete,cbudibentrb@behance.net,Female,true
985,Keefe Willingham,Kluczbork,kwillinghamrc@diigo.com,Male,false
986,Roma Rucklesse,Astana,rrucklesserd@nba.com,Male,false
987,Barde Brisseau,Kawengan,bbrisseaure@dedecms.com,Male,false
988,Hendrik Clowney,Telukpakedai,hclowneyrf@engadget.com,Male,false
989,Hal Wollard,Parramos,hwollardrg@taobao.com,Male,false
990,Nicholas Penella,Ourozinho,npenellarh@canalblog.com,Male,false
991,Muffin Hardie,Ponjen,mhardieri@istockphoto.com,Female,true
992,Nolly Robel,Abut,nrobelrj@wsj.com,Male,false
993,Lionello MacFie,Sanhu,lmacfierk@facebook.com,Male,true
994,Aldrich Jahan,Na Muen,ajahanrl@tinyurl.com,Male,false
995,Gregorio Greedier,Sere,ggreedierrm@g.co,Polygender,false
996,Alfy Wickey,Bojongsari,awickeyrn@ehow.com,Male,true
997,Henderson Gresty,Al Khawkhah,hgrestyro@kickstarter.com,Male,true
998,Lanni Wozencroft,Hafnarfjörður,lwozencroftrp@simplemachines.org,Female,true
999,Linnie Slowly,Santos,lslowlyrq@ehow.com,Female,false
1000,Jake Miranda,Thị Trấn Thọ Xuân,jmirandarr@g.co,Male,true
